MapNeutralMerchantData=campaign/images/maps/south_china_sea_merchants_us
NeutralMerchant1=civ_ms_medium_tanker,civ_ms_small_freighter,civ_ms_old_small_freighter,civ_ms_qiongsha
NeutralMerchant2=civ_ms_small_freighter,civ_ms_medium_tanker,civ_ms_roro,civ_ms_mercur
NeutralMerchant3=civ_ms_small_freighter,civ_ms_old_small_freighter,civ_ms_freighter_b
NeutralMerchant4=civ_ms_encounter,civ_ms_act_1,civ_ms_sl7,civ_ms_medium_tanker,civ_ms_super_p,civ_ms_roro,civ_ms_mercur
NeutralMerchantFlags1=ships/materials/flag_prc
NeutralMerchantFlags2=ships/materials/flag_s_korea,ships/materials/flag_s_korea,ships/materials/flag_japan
NeutralMerchantFlags3=ships/materials/flag_vietnam,ships/materials/flag_marshals,ships/materials/flag_phil
NeutralMerchantFlags4=ships/materials/flag_red_ensign,ships/materials/flag_us
MapNeutralFishingData=campaign/images/maps/south_china_sea_fishing_zones
NeutralFishing1=civ_fv_trawler
NeutralFishing2=civ_fv_trawler
NeutralFishing3=civ_fv_trawler
NeutralFishing4=civ_fv_trawler
NeutralFishingFlags1=ships/materials/flag_s_korea,ships/materials/flag_s_korea,ships/materials/flag_japan
NeutralFishingFlags2=sships/materials/flag_vietnam
NeutralFishingFlags3=ships/materials/flag_phil
NeutralFishingFlags4=ships/materials/flag_prc
OtherVessels=biologic_humpback_whale,biologic_blue_whale,usn_ssn_los_angeles,usn_ssn_los_angeles_flt2,usn_ssn_los_angeles_flt3,usn_ssn_narwhal,usn_ssn_permit_68,usn_ssn_permit,usn_ssn_seawolf,usn_ssn_skipjack_68,usn_ssn_skipjack,usn_ssn_sturgeon_68,usn_ssn_sturgeon,usn_ssn_virginia,usn_ssn_virginia_imp,usn_ss_stingray,usn_ssbn_ohio_vls,usn_ssn_nautilus,usn_ssn_staynalive,uk_ssn_astute,uk_ssn_trafalgar,uk_ss_upholder,uk_ssbn_vanguard,jmsdf_ss_oyashio,jmsdf_ss_yushio,aus_ss_collins,aus_ss_oberon,fra_ssn_rubis,fra_ssbn_redoubtable,fra_ssbn_triomphant,ger_ss_209,ger_ssn_212a,HNLMS_SS_Walrus,it_ss_sauro_iv,it_ss_toti,rcn_ssk_victoria,swe_ss_gotland,usn_cg_belknap,usn_ff_knox,civ_ms_encounter,civ_ms_act_1,civ_ms_sl7,civ_ms_medium_tanker,civ_ms_super_p,civ_ms_roro,civ_ms_mercur,civ_ms_freighter_b,civ_ms_small_freighter,civ_ms_old_small_freighter,civ_ms_qiongsha,wp_fv_trawler,civ_fv_trawler,civ_oilrig,civ_spar_rig